{
   "AL": [
      {
         "density": 4.990847726,
         "obesityRate": 33.5
      }
   ],
   "AK": [
      {
         "density": 3.387221774,
         "obesityRate": 29.7
      }
   ],
   "AZ": [
      {
         "density": 3.804097139,
         "obesityRate": 28.9
      }
   ],
   "AR": [
      {
         "density": 5.396766641,
         "obesityRate": 35.9
      }
   ],
   "CA": [
      {
         "density": 3.288346507,
         "obesityRate": 24.7
      }
   ],
   "CO": [
      {
         "density": 3.870375495,
         "obesityRate": 21.3
      }
   ],
   "CT": [
      {
         "density": 4.207671728,
         "obesityRate": 26.3
      }
   ],
   "DE": [
      {
         "density": 3.80979839,
         "obesityRate": 30.7
      }
   ],
   "DC": [
      {
         "density": 4.974360724,
         "obesityRate": 21.7
      }
   ],
   "FL": [
      {
         "density": 3.950786711,
         "obesityRate": 26.2
      }
   ],
   "GA": [
      {
         "density": 4.210471214,
         "obesityRate": 30.5
      }
   ],
   "HI": [
      {
         "density": 5.047697234,
         "obesityRate": 22.1
      }
   ],
   "ID": [
      {
         "density": 3.306991436,
         "obesityRate": 28.9
      }
   ],
   "IL": [
      {
         "density": 5.216034686,
         "obesityRate": 29.3
      }
   ],
   "IN": [
      {
         "density": 5.373431872,
         "obesityRate": 32.7
      }
   ],
   "IA": [
      {
         "density": 4.556164696,
         "obesityRate": 30.9
      }
   ],
   "KS": [
      {
         "density": 5.002544102,
         "obesityRate": 31.3
      }
   ],
   "KY": [
      {
         "density": 5.612368677,
         "obesityRate": 31.6
      }
   ],
   "LA": [
      {
         "density": 5.296305891,
         "obesityRate": 34.9
      }
   ],
   "ME": [
      {
         "density": 4.397793053,
         "obesityRate": 28.2
      }
   ],
   "MD": [
      {
         "density": 4.950981989,
         "obesityRate": 29.6
      }
   ],
   "MA": [
      {
         "density": 3.886357681,
         "obesityRate": 23.3
      }
   ],
   "MI": [
      {
         "density": 5.464821612,
         "obesityRate": 30.7
      }
   ],
   "MN": [
      {
         "density": 3.873378201,
         "obesityRate": 27.6
      }
   ],
   "MS": [
      {
         "density": 4.827702969,
         "obesityRate": 35.5
      }
   ],
   "MO": [
      {
         "density": 4.351448397,
         "obesityRate": 30.2
      }
   ],
   "MT": [
      {
         "density": 4.518369998,
         "obesityRate": 26.4
      }
   ],
   "NE": [
      {
         "density": 4.036120171,
         "obesityRate": 30.2
      }
   ],
   "NV": [
      {
         "density": 5.136049704,
         "obesityRate": 27.7
      }
   ],
   "NH": [
      {
         "density": 4.368509709,
         "obesityRate": 27.4
      }
   ],
   "NJ": [
      {
         "density": 3.055506599,
         "obesityRate": 26.9
      }
   ],
   "NM": [
      {
         "density": 4.591745954,
         "obesityRate": 28.4
      }
   ],
   "NY": [
      {
         "density": 3.519192336,
         "obesityRate": 27
      }
   ],
   "NC": [
      {
         "density": 4.234780464,
         "obesityRate": 29.7
      }
   ],
   "ND": [
      {
         "density": 3.04539761,
         "obesityRate": 32.2
      }
   ],
   "OH": [
      {
         "density": 5.446928616,
         "obesityRate": 32.6
      }
   ],
   "OK": [
      {
         "density": 5.176980404,
         "obesityRate": 33
      }
   ],
   "OR": [
      {
         "density": 4.024228235,
         "obesityRate": 27.9
      }
   ],
   "PA": [
      {
         "density": 4.164070945,
         "obesityRate": 30.2
      }
   ],
   "RI": [
      {
         "density": 3.108187531,
         "obesityRate": 27
      }
   ],
   "SC": [
      {
         "density": 4.067663919,
         "obesityRate": 32.1
      }
   ],
   "SD": [
      {
         "density": 3.417673931,
         "obesityRate": 29.8
      }
   ],
   "TN": [
      {
         "density": 4.80644193,
         "obesityRate": 31.2
      }
   ],
   "TX": [
      {
         "density": 4.006364197,
         "obesityRate": 31.9
      }
   ],
   "UT": [
      {
         "density": 3.513386477,
         "obesityRate": 25.7
      }
   ],
   "VT": [
      {
         "density": 4.487467145,
         "obesityRate": 24.8
      }
   ],
   "VA": [
      {
         "density": 4.902846231,
         "obesityRate": 28.5
      }
   ],
   "WA": [
      {
         "density": 3.651790732,
         "obesityRate": 27.3
      }
   ],
   "WV": [
      {
         "density": 5.4906141,
         "obesityRate": 35.7
      }
   ],
   "WI": [
      {
         "density": 5.190743495,
         "obesityRate": 31.2
      }
   ],
   "WY": [
      {
         "density": 4.357526319,
         "obesityRate": 29.5
      }
   ],
   "": [
      {
         "density": null,
         "obesityRate": null
      },
      {
         "density": null,
         "obesityRate": null
      },
      {
         "density": null,
         "obesityRate": null
      },
      {
         "density": null,
         "obesityRate": null
      },
      {
         "density": null,
         "obesityRate": null
      },
      {
         "density": null,
         "obesityRate": null
      },
      {
         "density": null,
         "obesityRate": null
      },
      {
         "density": null,
         "obesityRate": null
      },
      {
         "density": null,
         "obesityRate": null
      },
      {
         "density": null,
         "obesityRate": null
      },
      {
         "density": null,
         "obesityRate": null
      },
      {
         "density": null,
         "obesityRate": null
      },
      {
         "density": null,
         "obesityRate": null
      },
      {
         "density": null,
         "obesityRate": null
      },
      {
         "density": null,
         "obesityRate": null
      },
      {
         "density": null,
         "obesityRate": null
      },
      {
         "density": null,
         "obesityRate": null
      },
      {
         "density": null,
         "obesityRate": null
      },
      {
         "density": null,
         "obesityRate": null
      },
      {
         "density": null,
         "obesityRate": null
      },
      {
         "density": null,
         "obesityRate": null
      },
      {
         "density": null,
         "obesityRate": null
      },
      {
         "density": null,
         "obesityRate": null
      },
      {
         "density": null,
         "obesityRate": null
      },
      {
         "density": null,
         "obesityRate": null
      },
      {
         "density": null,
         "obesityRate": null
      },
      {
         "density": null,
         "obesityRate": null
      },
      {
         "density": null,
         "obesityRate": null
      },
      {
         "density": null,
         "obesityRate": null
      },
      {
         "density": null,
         "obesityRate": null
      },
      {
         "density": null,
         "obesityRate": null
      },
      {
         "density": null,
         "obesityRate": null
      },
      {
         "density": null,
         "obesityRate": null
      },
      {
         "density": null,
         "obesityRate": null
      },
      {
         "density": null,
         "obesityRate": null
      },
      {
         "density": null,
         "obesityRate": null
      },
      {
         "density": null,
         "obesityRate": null
      },
      {
         "density": null,